sample_id,project,pr_or_cve,category,oracle_type,year,source,test_source,primary_diff_file,github_repo,reference_url,trigger_mode
argo-cd-CVE-2025-55191,argo-cd,CVE-2025-55191,data_race,RACE,2025,cve,PR_bundled,util/db/repository_secrets.go,argoproj/argo-cd,https://github.com/advisories/GHSA-g88p-r42r-ppp9,replicated
argo-workflows-CVE-2024-47827,argo-workflows,CVE-2024-47827,data_race,RACE,2024,cve,synthesized,workflow/metrics/metrics_k8s_request.go,argoproj/argo-workflows,https://github.com/advisories/GHSA-ghjw-32xw-ffwr,replicated
cockroach-123215,cockroach,123215,data_race,RACE,2024,pr,synthesized,pkg/kv/kvserver/store.go,cockroachdb/cockroach,https://github.com/cockroachdb/cockroach/pull/123215,replicated
cockroach-130031,cockroach,130031,data_race,RACE,2024,pr,PR_bundled,pkg/server/diagnostics/reporter.go,cockroachdb/cockroach,https://github.com/cockroachdb/cockroach/pull/130031,replicated
cockroach-130032,cockroach,130032,data_race,RACE,2024,pr,PR_bundled,pkg/server/diagnostics/reporter.go,cockroachdb/cockroach,https://github.com/cockroachdb/cockroach/pull/130032,replicated
cockroach-130033,cockroach,130033,data_race,RACE,2024,pr,PR_bundled,pkg/server/diagnostics/reporter.go,cockroachdb/cockroach,https://github.com/cockroachdb/cockroach/pull/130033,replicated
cockroach-130092,cockroach,130092,special_library,RACE,2024,pr,synthesized,pkg/server/license/enforcer.go,cockroachdb/cockroach,https://github.com/cockroachdb/cockroach/pull/130092,replicated
cockroach-130093,cockroach,130093,special_library,RACE,2024,pr,synthesized,pkg/server/license/enforcer.go,cockroachdb/cockroach,https://github.com/cockroachdb/cockroach/pull/130093,replicated
cockroach-130094,cockroach,130094,special_library,RACE,2024,pr,synthesized,pkg/server/license/enforcer.go,cockroachdb/cockroach,https://github.com/cockroachdb/cockroach/pull/130094,replicated
cockroach-130095,cockroach,130095,special_library,RACE,2024,pr,synthesized,pkg/server/license/enforcer.go,cockroachdb/cockroach,https://github.com/cockroachdb/cockroach/pull/130095,replicated
cockroach-131292,cockroach,131292,data_race,RACE,2024,pr,synthesized,pkg/util/admission/work_queue.go,cockroachdb/cockroach,https://github.com/cockroachdb/cockroach/pull/131292,replicated
cockroach-131293,cockroach,131293,data_race,RACE,2024,pr,synthesized,pkg/util/admission/work_queue.go,cockroachdb/cockroach,https://github.com/cockroachdb/cockroach/pull/131293,replicated
cockroach-144073,cockroach,144073,data_race,RACE,2025,pr,synthesized,pkg/sql/catalog/lease/descriptor_state.go,cockroachdb/cockroach,https://github.com/cockroachdb/cockroach/pull/144073,replicated
cockroach-149448,cockroach,149448,order_violation,RACE,2025,pr,synthesized,pkg/roachprod/ui/spinner.go,cockroachdb/cockroach,https://github.com/cockroachdb/cockroach/pull/149448,replicated
cockroach-156275,cockroach,156275,data_race,RACE,2025,pr,synthesized,pkg/sql/catalog/lease/lease.go,cockroachdb/cockroach,https://github.com/cockroachdb/cockroach/pull/156275,replicated
cockroach-159666,cockroach,159666,order_violation,RACE,2025,pr,synthesized,pkg/server/apiinternal/api_internal.go,cockroachdb/cockroach,https://github.com/cockroachdb/cockroach/pull/159666,replicated
cockroach-162460,cockroach,162460,data_race,RACE,2026,pr,synthesized,pkg/sql/distsql_physical_planner.go,cockroachdb/cockroach,https://github.com/cockroachdb/cockroach/pull/162460,replicated
cockroach-61854,cockroach,61854,data_race,RACE,2021,pr,synthesized,pkg/util/timeutil/stopwatch.go,cockroachdb/cockroach,https://github.com/cockroachdb/cockroach/pull/61854,replicated
cockroach-65339,cockroach,65339,data_race,RACE,2021,pr,synthesized,pkg/util/tracing/crdbspan.go,cockroachdb/cockroach,https://github.com/cockroachdb/cockroach/pull/65339,replicated
cockroach-67006,cockroach,67006,data_race,RACE,2021,pr,PR_bundled,pkg/kv/kvserver/scanner.go,cockroachdb/cockroach,https://github.com/cockroachdb/cockroach/pull/67006,replicated
cockroach-69290,cockroach,69290,data_race,RACE,2021,pr,synthesized,pkg/sql/sqlliveness/slinstance/slinstance.go,cockroachdb/cockroach,https://github.com/cockroachdb/cockroach/pull/69290,replicated
cockroach-69538,cockroach,69538,special_library,RACE,2021,pr,synthesized,pkg/util/metric/registry.go,cockroachdb/cockroach,https://github.com/cockroachdb/cockroach/pull/69538,replicated
cockroach-88279,cockroach,88279,data_race,RACE,2022,pr,synthesized,pkg/util/admission/elastic_cpu_granter.go,cockroachdb/cockroach,https://github.com/cockroachdb/cockroach/pull/88279,replicated
cockroach-97305,cockroach,97305,data_race,RACE,2023,pr,synthesized,pkg/sql/sqlstats/insights/detector.go,cockroachdb/cockroach,https://github.com/cockroachdb/cockroach/pull/97305,replicated
consul-1158,consul,1158,data_race,RACE,2015,pr,synthesized,command/lock.go,hashicorp/consul,https://github.com/hashicorp/consul/pull/1158,replicated
consul-1214,consul,1214,data_race,RACE,2015,pr,synthesized,command/lock.go,hashicorp/consul,https://github.com/hashicorp/consul/pull/1214,replicated
consul-2262,consul,2262,data_race,RACE,2016,pr,synthesized,command/agent/gated_writer.go,hashicorp/consul,https://github.com/hashicorp/consul/pull/2262,in_place
consul-3162,consul,3162,data_race,RACE,2017,pr,synthesized,agent/agent.go,hashicorp/consul,https://github.com/hashicorp/consul/pull/3162,replicated
consul-3163,consul,3163,data_race,RACE,2017,pr,synthesized,agent/agent.go,hashicorp/consul,https://github.com/hashicorp/consul/pull/3163,replicated
consul-4216,consul,4216,data_race,RACE,2018,pr,synthesized,agent/consul/client.go,hashicorp/consul,https://github.com/hashicorp/consul/pull/4216,replicated
consul-499,consul,499,data_race,RACE,2014,pr,synthesized,consul/pool.go,hashicorp/consul,https://github.com/hashicorp/consul/pull/499,replicated
consul-7567,consul,7567,data_race,RACE,2020,pr,synthesized,sdk/freeport/freeport.go,hashicorp/consul,https://github.com/hashicorp/consul/pull/7567,in_place
dns-1281,dns,1281,data_race,RACE,2021,pr,synthesized,client.go,miekg/dns,https://github.com/miekg/dns/pull/1281,replicated
dns-459,dns,459,data_race,RACE,2017,pr,synthesized,client.go,miekg/dns,https://github.com/miekg/dns/pull/459,in_place
dns-656,dns,656,data_race,RACE,2018,pr,synthesized,client.go,miekg/dns,https://github.com/miekg/dns/pull/656,in_place
dns-780,dns,780,data_race,RACE,2018,pr,synthesized,server.go,miekg/dns,https://github.com/miekg/dns/pull/780,replicated
emp3r0r-540,emp3r0r,540,data_race,RACE,2026,pr,synthesized,core/internal/cc/server/handler_messagetun.go,jm33-m0/emp3r0r,https://github.com/jm33-m0/emp3r0r/pull/540,replicated
emp3r0r-CVE-2026-26201,emp3r0r,CVE-2026-26201,data_race,RACE,2026,cve,synthesized,core/internal/agent/handler/c2cmd_runners.go,jm33-m0/emp3r0r,https://github.com/advisories/GHSA-f5p9-j34q-pwcc,replicated
etcd-10772,etcd,10772,data_race,RACE,2019,pr,synthesized,mvcc/index.go,etcd-io/etcd,https://github.com/etcd-io/etcd/pull/10772,replicated
etcd-10826,etcd,10826,data_race,RACE,2019,pr,synthesized,etcdserver/api/rafthttp/transport.go,etcd-io/etcd,https://github.com/etcd-io/etcd/pull/10826,replicated
etcd-11706,etcd,11706,data_race,RACE,2020,pr,synthesized,clientv3/ctx.go,etcd-io/etcd,https://github.com/etcd-io/etcd/pull/11706,replicated
etcd-11982,etcd,11982,data_race,RACE,2020,pr,synthesized,etcdserver/api/v2store/stats.go,etcd-io/etcd,https://github.com/etcd-io/etcd/pull/11982,replicated
etcd-1316,etcd,1316,data_race,RACE,2014,pr,synthesized,etcdserver/stats/leader.go,etcd-io/etcd,https://github.com/etcd-io/etcd/pull/1316,in_place
etcd-1317,etcd,1317,data_race,RACE,2014,pr,synthesized,etcdserver/stats/leader.go,etcd-io/etcd,https://github.com/etcd-io/etcd/pull/1317,replicated
etcd-13203,etcd,13203,data_race,RACE,2021,pr,synthesized,client/v3/client.go,etcd-io/etcd,https://github.com/etcd-io/etcd/pull/13203,in_place
etcd-15509,etcd,15509,anonymous_function,RACE,2023,pr,synthesized,server/embed/serve.go,etcd-io/etcd,https://github.com/etcd-io/etcd/pull/15509,replicated
etcd-19600,etcd,19600,data_race,RACE,2025,pr,PR_bundled,server/storage/mvcc/watchable_store.go,etcd-io/etcd,https://github.com/etcd-io/etcd/pull/19600,replicated
etcd-20192,etcd,20192,data_race,RACE,2025,pr,synthesized,client/v3/client.go,etcd-io/etcd,https://github.com/etcd-io/etcd/pull/20192,replicated
etcd-20656,etcd,20656,data_race,RACE,2026,pr,synthesized,tests/robustness/client/client.go,etcd-io/etcd,https://github.com/etcd-io/etcd/pull/20656,replicated
etcd-2968,etcd,2968,order_violation,RACE,2015,pr,synthesized,rafthttp/peer.go,etcd-io/etcd,https://github.com/etcd-io/etcd/pull/2968,replicated
etcd-3077,etcd,3077,order_violation,RACE,2015,pr,synthesized,etcdserver/raft.go,etcd-io/etcd,https://github.com/etcd-io/etcd/pull/3077,replicated
etcd-4876,etcd,4876,data_race,RACE,2016,pr,synthesized,clientv3/client.go,etcd-io/etcd,https://github.com/etcd-io/etcd/pull/4876,replicated
etcd-4958,etcd,4958,data_race,RACE,2016,pr,synthesized,etcdserver/api/v3rpc/watch.go,etcd-io/etcd,https://github.com/etcd-io/etcd/pull/4958,replicated
etcd-4997,etcd,4997,data_race,RACE,2016,pr,synthesized,etcdserver/consistent_index.go,etcd-io/etcd,https://github.com/etcd-io/etcd/pull/4997,in_place
etcd-503,etcd,503,channel_misuse,RACE,2014,pr,synthesized,mod/lock/v2/acquire_handler.go,etcd-io/etcd,https://github.com/etcd-io/etcd/pull/503,in_place
etcd-5157,etcd,5157,data_race,RACE,2016,pr,synthesized,etcdserver/stats/server.go,etcd-io/etcd,https://github.com/etcd-io/etcd/pull/5157,replicated
etcd-5165,etcd,5165,data_race,RACE,2016,pr,synthesized,raft/node.go,etcd-io/etcd,https://github.com/etcd-io/etcd/pull/5165,replicated
etcd-5505,etcd,5505,channel_misuse,RACE,2016,pr,synthesized,etcdserver/api/v3rpc/watch.go,etcd-io/etcd,https://github.com/etcd-io/etcd/pull/5505,replicated
etcd-5739,etcd,5739,data_race,RACE,2016,pr,synthesized,etcdserver/apply_auth.go,etcd-io/etcd,https://github.com/etcd-io/etcd/pull/5739,replicated
etcd-5897,etcd,5897,data_race,RACE,2016,pr,synthesized,etcdserver/api/v3rpc/watch.go,etcd-io/etcd,https://github.com/etcd-io/etcd/pull/5897,replicated
etcd-6197,etcd,6197,data_race,RACE,2016,pr,synthesized,integration/cluster_proxy.go,etcd-io/etcd,https://github.com/etcd-io/etcd/pull/6197,in_place
etcd-6248,etcd,6248,data_race,RACE,2016,pr,synthesized,mvcc/kvstore.go,etcd-io/etcd,https://github.com/etcd-io/etcd/pull/6248,replicated
etcd-6279,etcd,6279,data_race,RACE,2016,pr,synthesized,mvcc/kvstore.go,etcd-io/etcd,https://github.com/etcd-io/etcd/pull/6279,replicated
etcd-6324,etcd,6324,data_race,RACE,2016,pr,synthesized,proxy/grpcproxy/watch.go,etcd-io/etcd,https://github.com/etcd-io/etcd/pull/6324,replicated
etcd-6587,etcd,6587,data_race,RACE,2016,pr,synthesized,clientv3/watch.go,etcd-io/etcd,https://github.com/etcd-io/etcd/pull/6587,replicated
etcd-6596,etcd,6596,data_race,RACE,2016,pr,synthesized,lease/lessor.go,etcd-io/etcd,https://github.com/etcd-io/etcd/pull/6596,replicated
etcd-6628,etcd,6628,order_violation,RACE,2016,pr,synthesized,etcdserver/server.go,etcd-io/etcd,https://github.com/etcd-io/etcd/pull/6628,replicated
etcd-6704,etcd,6704,data_race,RACE,2016,pr,synthesized,proxy/grpcproxy/watcher_group.go,etcd-io/etcd,https://github.com/etcd-io/etcd/pull/6704,replicated
etcd-6906,etcd,6906,data_race,RACE,2016,pr,synthesized,proxy/grpcproxy/watch_broadcasts.go,etcd-io/etcd,https://github.com/etcd-io/etcd/pull/6906,in_place
etcd-6916,etcd,6916,data_race,RACE,2016,pr,synthesized,proxy/grpcproxy/watch_broadcasts.go,etcd-io/etcd,https://github.com/etcd-io/etcd/pull/6916,replicated
etcd-6947,etcd,6947,data_race,RACE,2016,pr,synthesized,proxy/grpcproxy/cache/store.go,etcd-io/etcd,https://github.com/etcd-io/etcd/pull/6947,replicated
etcd-7070,etcd,7070,data_race,RACE,2016,pr,synthesized,lease/lessor.go,etcd-io/etcd,https://github.com/etcd-io/etcd/pull/7070,replicated
etcd-7361,etcd,7361,anonymous_function,RACE,2017,pr,synthesized,proxy/tcpproxy/userspace.go,etcd-io/etcd,https://github.com/etcd-io/etcd/pull/7361,in_place
etcd-7664,etcd,7664,data_race,RACE,2017,pr,synthesized,auth/store.go,etcd-io/etcd,https://github.com/etcd-io/etcd/pull/7664,replicated
etcd-9061,etcd,9061,data_race,RACE,2017,pr,synthesized,clientv3/leasing/kv.go,etcd-io/etcd,https://github.com/etcd-io/etcd/pull/9061,replicated
go-ethereum-14940,go-ethereum,14940,data_race,RACE,2017,pr,synthesized,core/tx_pool.go,ethereum/go-ethereum,https://github.com/ethereum/go-ethereum/pull/14940,in_place
go-ethereum-1503,go-ethereum,1503,data_race,RACE,2015,pr,synthesized,accounts/account_manager.go,ethereum/go-ethereum,https://github.com/ethereum/go-ethereum/pull/1503,replicated
go-ethereum-16146,go-ethereum,16146,data_race,RACE,2018,pr,synthesized,whisper/whisperv6/peer.go,ethereum/go-ethereum,https://github.com/ethereum/go-ethereum/pull/16146,replicated
go-ethereum-17173,go-ethereum,17173,data_race,RACE,2018,pr,synthesized,miner/worker.go,ethereum/go-ethereum,https://github.com/ethereum/go-ethereum/pull/17173,replicated
go-ethereum-18523,go-ethereum,18523,data_race,RACE,2019,pr,synthesized,swarm/pss/pss.go,ethereum/go-ethereum,https://github.com/ethereum/go-ethereum/pull/18523,in_place
go-ethereum-19162,go-ethereum,19162,data_race,RACE,2019,pr,synthesized,swarm/pss/handshake.go,ethereum/go-ethereum,https://github.com/ethereum/go-ethereum/pull/19162,in_place
go-ethereum-20204,go-ethereum,20204,anonymous_function,RACE,2019,pr,synthesized,eth/downloader/downloader.go,ethereum/go-ethereum,https://github.com/ethereum/go-ethereum/pull/20204,replicated
go-ethereum-20421,go-ethereum,20421,data_race,RACE,2019,pr,synthesized,p2p/enode/iter.go,ethereum/go-ethereum,https://github.com/ethereum/go-ethereum/pull/20421,in_place
go-ethereum-21201,go-ethereum,21201,data_race,RACE,2020,pr,synthesized,eth/downloader/downloader.go,ethereum/go-ethereum,https://github.com/ethereum/go-ethereum/pull/21201,in_place
go-ethereum-23434,go-ethereum,23434,data_race,RACE,2021,pr,synthesized,p2p/dial.go,ethereum/go-ethereum,https://github.com/ethereum/go-ethereum/pull/23434,replicated
go-ethereum-23435,go-ethereum,23435,data_race,RACE,2021,pr,synthesized,miner/worker.go,ethereum/go-ethereum,https://github.com/ethereum/go-ethereum/pull/23435,replicated
go-ethereum-24685,go-ethereum,24685,data_race,RACE,2022,pr,synthesized,core/state/snapshot/difflayer.go,ethereum/go-ethereum,https://github.com/ethereum/go-ethereum/pull/24685,in_place
go-ethereum-31641,go-ethereum,31641,data_race,RACE,2025,pr,synthesized,core/txpool/legacypool/legacypool.go,ethereum/go-ethereum,https://github.com/ethereum/go-ethereum/pull/31641,in_place
go-ethereum-31758,go-ethereum,31758,data_race,RACE,2025,pr,synthesized,core/txpool/legacypool/legacypool.go,ethereum/go-ethereum,https://github.com/ethereum/go-ethereum/pull/31758,in_place
gofiber-3985,gofiber,3985,data_race,RACE,2026,pr,synthesized,middleware/cache/cache.go,gofiber/fiber,https://github.com/gofiber/fiber/pull/3985,replicated
gofiber-4062,gofiber,4062,data_race,RACE,2026,pr,synthesized,ctx.go,gofiber/fiber,https://github.com/gofiber/fiber/pull/4062,in_place
golang-go-CVE-2020-15586,golang-go,CVE-2020-15586,data_race,RACE,2022,cve,synthesized,src/net/http/server.go,golang/go,https://github.com/advisories/GHSA-9rmg-8r3f-xrq7,replicated
golang-go-CVE-2021-36221,golang-go,CVE-2021-36221,data_race,RACE,2022,cve,synthesized,src/net/http/httputil/reverseproxy.go,golang/go,https://github.com/advisories/GHSA-6qcx-qr4g-4fx9,replicated
gopsutil-951,gopsutil,951,data_race,RACE,2020,pr,synthesized,internal/common/common_linux.go,shirou/gopsutil,https://github.com/shirou/gopsutil/pull/951,replicated
grpc-go-1115,grpc-go,1115,channel_misuse,RACE,2017,pr,synthesized,transport/handler_server.go,grpc/grpc-go,https://github.com/grpc/grpc-go/pull/1115,in_place
grpc-go-1666,grpc-go,1666,data_race,RACE,2017,pr,synthesized,balancer_conn_wrappers.go,grpc/grpc-go,https://github.com/grpc/grpc-go/pull/1666,in_place
grpc-go-1687,grpc-go,1687,channel_misuse,RACE,2017,pr,PR_bundled,transport/handler_server.go,grpc/grpc-go,https://github.com/grpc/grpc-go/pull/1687,in_place
grpc-go-1688,grpc-go,1688,data_race,RACE,2017,pr,synthesized,balancer_conn_wrappers.go,grpc/grpc-go,https://github.com/grpc/grpc-go/pull/1688,in_place
grpc-go-1897,grpc-go,1897,data_race,RACE,2018,pr,PR_bundled,clientconn.go,grpc/grpc-go,https://github.com/grpc/grpc-go/pull/1897,in_place
grpc-go-1948,grpc-go,1948,data_race,RACE,2018,pr,synthesized,call.go,grpc/grpc-go,https://github.com/grpc/grpc-go/pull/1948,in_place
grpc-go-2074,grpc-go,2074,data_race,RACE,2018,pr,synthesized,transport/http2_server.go,grpc/grpc-go,https://github.com/grpc/grpc-go/pull/2074,in_place
grpc-go-2411,grpc-go,2411,data_race,RACE,2018,pr,synthesized,internal/channelz/funcs.go,grpc/grpc-go,https://github.com/grpc/grpc-go/pull/2411,in_place
grpc-go-2695,grpc-go,2695,channel_misuse,RACE|PANIC,2019,pr,synthesized,internal/transport/handler_server.go,grpc/grpc-go,https://github.com/grpc/grpc-go/pull/2695,in_place
grpc-go-2953,grpc-go,2953,data_race,RACE,2019,pr,synthesized,internal/transport/flowcontrol.go,grpc/grpc-go,https://github.com/grpc/grpc-go/pull/2953,in_place
grpc-go-3062,grpc-go,3062,data_race,RACE,2019,pr,synthesized,internal/transport/transport.go,grpc/grpc-go,https://github.com/grpc/grpc-go/pull/3062,replicated
grpc-go-3090,grpc-go,3090,data_race,RACE,2019,pr,synthesized,resolver_conn_wrapper.go,grpc/grpc-go,https://github.com/grpc/grpc-go/pull/3090,in_place
grpc-go-3373,grpc-go,3373,order_violation,RACE,2020,pr,synthesized,internal/grpctest/tlogger.go,grpc/grpc-go,https://github.com/grpc/grpc-go/pull/3373,in_place
grpc-go-3763,grpc-go,3763,data_race,RACE,2020,pr,synthesized,interop/xds/client/client.go,grpc/grpc-go,https://github.com/grpc/grpc-go/pull/3763,replicated
grpc-go-4641,grpc-go,4641,data_race,RACE,2021,pr,synthesized,internal/transport/http2_client.go,grpc/grpc-go,https://github.com/grpc/grpc-go/pull/4641,replicated
grpc-go-5927,grpc-go,5927,data_race,RACE,2023,pr,synthesized,xds/internal/xdsclient/clientimpl_loadreport.go,grpc/grpc-go,https://github.com/grpc/grpc-go/pull/5927,in_place
grpc-go-6587,grpc-go,6587,data_race,RACE,2023,pr,synthesized,balancer/leastrequest/leastrequest.go,grpc/grpc-go,https://github.com/grpc/grpc-go/pull/6587,in_place
grpc-go-7128,grpc-go,7128,data_race,RACE,2024,pr,synthesized,credentials/tls/certprovider/store.go,grpc/grpc-go,https://github.com/grpc/grpc-go/pull/7128,replicated
grpc-go-8202,grpc-go,8202,data_race,RACE,2025,pr,synthesized,internal/resolver/delegatingresolver/delegatingresolver.go,grpc/grpc-go,https://github.com/grpc/grpc-go/pull/8202,in_place
grpc-go-8519,grpc-go,8519,data_race,RACE,2025,pr,PR_bundled,internal/transport/handler_server.go,grpc/grpc-go,https://github.com/grpc/grpc-go/pull/8519,in_place
grpc-go-8540,grpc-go,8540,data_race,RACE,2025,pr,synthesized,xds/internal/xdsclient/clientimpl_loadreport.go,grpc/grpc-go,https://github.com/grpc/grpc-go/pull/8540,replicated
grpc-go-8541,grpc-go,8541,data_race,RACE,2025,pr,synthesized,xds/internal/xdsclient/clientimpl_loadreport.go,grpc/grpc-go,https://github.com/grpc/grpc-go/pull/8541,replicated
grpc-go-8605,grpc-go,8605,data_race,RACE,2025,pr,synthesized,internal/xds/clients/xdsclient/ads_stream.go,grpc/grpc-go,https://github.com/grpc/grpc-go/pull/8605,replicated
hugo-12413,hugo,12413,data_race,RACE,2024,pr,PR_bundled,markup/goldmark/hugocontext/hugocontext.go,gohugoio/hugo,https://github.com/gohugoio/hugo/pull/12413,in_place
hugo-14446,hugo,14446,order_violation,RACE,2026,pr,synthesized,config/commonConfig.go,gohugoio/hugo,https://github.com/gohugoio/hugo/pull/14446,in_place
hugo-6410,hugo,6410,data_race,RACE,2019,pr,synthesized,helpers/general.go,gohugoio/hugo,https://github.com/gohugoio/hugo/pull/6410,in_place
hugo-7393,hugo,7393,data_race,RACE,2020,pr,synthesized,hugolib/content_map_page.go,gohugoio/hugo,https://github.com/gohugoio/hugo/pull/7393,in_place
istio-54477,istio,54477,data_race,RACE,2024,pr,synthesized,pilot/pkg/bootstrap/ads.go,istio/istio,https://github.com/istio/istio/pull/54477,replicated
istio-57593,istio,57593,data_race,RACE,2025,pr,synthesized,pilot/pkg/model/gateway.go,istio/istio,https://github.com/istio/istio/pull/57593,in_place
istio-59061,istio,59061,data_race,RACE,2026,pr,synthesized,pkg/kube/multicluster/cluster.go,istio/istio,https://github.com/istio/istio/pull/59061,in_place
istio-8144,istio,8144,order_violation,RACE,2018,pr,synthesized,pkg/cache/ttlCache.go,istio/istio,https://github.com/istio/istio/pull/8144,replicated
istio-8214,istio,8214,data_race,RACE,2018,pr,synthesized,pkg/cache/lruCache.go,istio/istio,https://github.com/istio/istio/pull/8214,replicated
istio-8967,istio,8967,order_violation,RACE,2018,pr,synthesized,galley/pkg/fs/fssource.go,istio/istio,https://github.com/istio/istio/pull/8967,replicated
kubernetes-100638,kubernetes,100638,data_race,PANIC,2021,pr,synthesized,queueset.go,kubernetes/kubernetes,https://github.com/kubernetes/kubernetes/pull/100638,in_place
kubernetes-102090,kubernetes,102090,data_race,RACE,2021,pr,synthesized,staging/src/k8s.io/client-go/testing/fake.go,kubernetes/kubernetes,https://github.com/kubernetes/kubernetes/pull/102090,in_place
kubernetes-103487,kubernetes,103487,data_race,RACE,2021,pr,synthesized,fixture.go,kubernetes/kubernetes,https://github.com/kubernetes/kubernetes/pull/103487,replicated
kubernetes-104604,kubernetes,104604,data_race,RACE,2021,pr,synthesized,pkg/kubelet/util/manager/watch_based_manager.go,kubernetes/kubernetes,https://github.com/kubernetes/kubernetes/pull/104604,replicated
kubernetes-105734,kubernetes,105734,data_race,RACE,2021,pr,synthesized,httplog.go,kubernetes/kubernetes,https://github.com/kubernetes/kubernetes/pull/105734,replicated
kubernetes-106045,kubernetes,106045,data_race,RACE,2021,pr,synthesized,audit.go,kubernetes/kubernetes,https://github.com/kubernetes/kubernetes/pull/106045,replicated
kubernetes-106551,kubernetes,106551,data_race,RACE,2022,pr,synthesized,pkg/kubelet/config/config.go,kubernetes/kubernetes,https://github.com/kubernetes/kubernetes/pull/106551,in_place
kubernetes-107452,kubernetes,107452,data_race,RACE,2022,pr,synthesized,staging/src/k8s.io/apiserver/pkg/server/filters/timeout.go,kubernetes/kubernetes,https://github.com/kubernetes/kubernetes/pull/107452,replicated
kubernetes-107748,kubernetes,107748,data_race,RACE,2022,pr,synthesized,pkg/proxy/ipvs/graceful_termination.go,kubernetes/kubernetes,https://github.com/kubernetes/kubernetes/pull/107748,in_place
kubernetes-109114,kubernetes,109114,data_race,RACE,2022,pr,synthesized,staging/src/k8s.io/client-go/rest/with_retry.go,kubernetes/kubernetes,https://github.com/kubernetes/kubernetes/pull/109114,replicated
kubernetes-109849,kubernetes,109849,data_race,RACE,2022,pr,synthesized,pkg/kubelet/cm/devicemanager/plugin/v1beta1/handler.go,kubernetes/kubernetes,https://github.com/kubernetes/kubernetes/pull/109849,replicated
kubernetes-109969,kubernetes,109969,data_race,RACE,2022,pr,synthesized,staging/src/k8s.io/apiserver/pkg/authentication/group/authenticated_group_adder.go,kubernetes/kubernetes,https://github.com/kubernetes/kubernetes/pull/109969,in_place
kubernetes-114236,kubernetes,114236,data_race,RACE,2023,pr,synthesized,staging/src/k8s.io/client-go/tools/events/event_broadcaster.go,kubernetes/kubernetes,https://github.com/kubernetes/kubernetes/pull/114236,replicated
kubernetes-117249,kubernetes,117249,data_race,RACE,2023,pr,synthesized,pkg/controller/endpointslice/topologycache/topologycache.go,kubernetes/kubernetes,https://github.com/kubernetes/kubernetes/pull/117249,in_place
kubernetes-117870,kubernetes,117870,data_race,RACE,2023,pr,synthesized,shared_informer.go,kubernetes/kubernetes,https://github.com/kubernetes/kubernetes/pull/117870,replicated
kubernetes-118189,kubernetes,118189,data_race,RACE,2023,pr,synthesized,topologycache.go,kubernetes/kubernetes,https://github.com/kubernetes/kubernetes/pull/118189,in_place
kubernetes-118745,kubernetes,118745,data_race,RACE,2023,pr,synthesized,pkg/controller/controller_utils.go,kubernetes/kubernetes,https://github.com/kubernetes/kubernetes/pull/118745,replicated
kubernetes-119729,kubernetes,119729,data_race,RACE,2023,pr,synthesized,pkg/scheduler/schedule_one.go,kubernetes/kubernetes,https://github.com/kubernetes/kubernetes/pull/119729,replicated
kubernetes-121771,kubernetes,121771,data_race,RACE,2023,pr,synthesized,staging/src/k8s.io/apimachinery/pkg/runtime/helper.go,kubernetes/kubernetes,https://github.com/kubernetes/kubernetes/pull/121771,replicated
kubernetes-123396,kubernetes,123396,data_race,RACE,2024,pr,synthesized,pathrecorder.go,kubernetes/kubernetes,https://github.com/kubernetes/kubernetes/pull/123396,replicated
kubernetes-124344,kubernetes,124344,data_race,RACE,2024,pr,synthesized,staging/src/k8s.io/client-go/tools/cache/delta_fifo.go,kubernetes/kubernetes,https://github.com/kubernetes/kubernetes/pull/124344,replicated
kubernetes-128495,kubernetes,128495,data_race,RACE,2024,pr,PR_bundled,pkg/volume/plugins.go,kubernetes/kubernetes,https://github.com/kubernetes/kubernetes/pull/128495,replicated
kubernetes-128657,kubernetes,128657,data_race,RACE,2024,pr,synthesized,container_map.go,kubernetes/kubernetes,https://github.com/kubernetes/kubernetes/pull/128657,replicated
kubernetes-129170,kubernetes,129170,data_race,RACE,2024,pr,synthesized,staging/src/k8s.io/apimachinery/pkg/runtime/serializer/cbor/internal/modes/custom.go,kubernetes/kubernetes,https://github.com/kubernetes/kubernetes/pull/129170,in_place
kubernetes-130741,kubernetes,130741,data_race,RACE,2025,pr,synthesized,staging/src/k8s.io/apiserver/pkg/server/filters/priority-and-fairness.go,kubernetes/kubernetes,https://github.com/kubernetes/kubernetes/pull/130741,replicated
kubernetes-131251,kubernetes,131251,data_race,RACE,2025,pr,synthesized,pkg/kubelet/images/image_gc_manager.go,kubernetes/kubernetes,https://github.com/kubernetes/kubernetes/pull/131251,replicated
kubernetes-132049,kubernetes,132049,data_race,RACE,2025,pr,synthesized,staging/src/k8s.io/apiserver/pkg/endpoints/handlers/patch.go,kubernetes/kubernetes,https://github.com/kubernetes/kubernetes/pull/132049,replicated
kubernetes-132061,kubernetes,132061,data_race,RACE,2025,pr,synthesized,staging/src/k8s.io/apiserver/pkg/cel/common/typeprovider.go,kubernetes/kubernetes,https://github.com/kubernetes/kubernetes/pull/132061,in_place
kubernetes-132063,kubernetes,132063,data_race,RACE,2025,pr,synthesized,staging/src/k8s.io/component-base/metrics/counter.go,kubernetes/kubernetes,https://github.com/kubernetes/kubernetes/pull/132063,in_place
kubernetes-133307,kubernetes,133307,data_race,RACE,2025,pr,synthesized,staging/src/k8s.io/component-base/metrics/counter.go,kubernetes/kubernetes,https://github.com/kubernetes/kubernetes/pull/133307,in_place
kubernetes-133334,kubernetes,133334,data_race,RACE,2025,pr,synthesized,pkg/scheduler/framework/api_calls/pod_status_patch.go,kubernetes/kubernetes,https://github.com/kubernetes/kubernetes/pull/133334,in_place
kubernetes-133587,kubernetes,133587,data_race,RACE,2025,pr,synthesized,staging/src/k8s.io/dynamic-resource-allocation/structured/internal/experimental/allocator_experimental.go,kubernetes/kubernetes,https://github.com/kubernetes/kubernetes/pull/133587,in_place
kubernetes-133781,kubernetes,133781,data_race,RACE,2025,pr,synthesized,pkg/apis/scheduling/v1/helpers.go,kubernetes/kubernetes,https://github.com/kubernetes/kubernetes/pull/133781,in_place
kubernetes-134379,kubernetes,134379,data_race,RACE,2025,pr,synthesized,pkg/controller/garbagecollector/graph.go,kubernetes/kubernetes,https://github.com/kubernetes/kubernetes/pull/134379,in_place
kubernetes-134390,kubernetes,134390,data_race,RACE,2025,pr,synthesized,staging/src/k8s.io/component-base/metrics/metric.go,kubernetes/kubernetes,https://github.com/kubernetes/kubernetes/pull/134390,in_place
kubernetes-135794,kubernetes,135794,data_race,RACE,2026,pr,synthesized,pkg/kubelet/volumemanager/volume_manager.go,kubernetes/kubernetes,https://github.com/kubernetes/kubernetes/pull/135794,replicated
kubernetes-136068,kubernetes,136068,data_race,RACE,2026,pr,synthesized,staging/src/k8s.io/client-go/tools/leaderelection/leaderelection.go,kubernetes/kubernetes,https://github.com/kubernetes/kubernetes/pull/136068,in_place
kubernetes-136205,kubernetes,136205,data_race,RACE,2026,pr,synthesized,pkg/kubelet/status/status_manager.go,kubernetes/kubernetes,https://github.com/kubernetes/kubernetes/pull/136205,replicated
kubernetes-136226,kubernetes,136226,data_race,RACE,2026,pr,synthesized,pkg/kubelet/kubelet_pods.go,kubernetes/kubernetes,https://github.com/kubernetes/kubernetes/pull/136226,replicated
kubernetes-136685,kubernetes,136685,data_race,RACE,2026,pr,synthesized,pkg/apis/rbac/v1/helpers.go,kubernetes/kubernetes,https://github.com/kubernetes/kubernetes/pull/136685,replicated
kubernetes-137804,kubernetes,137804,data_race,RACE,2026,pr,synthesized,pkg/scheduler/backend/cache/podgroupstate.go,kubernetes/kubernetes,https://github.com/kubernetes/kubernetes/pull/137804,in_place
kubernetes-137949,kubernetes,137949,data_race,RACE,2026,pr,synthesized,staging/src/k8s.io/cri-client/pkg/remote_image.go,kubernetes/kubernetes,https://github.com/kubernetes/kubernetes/pull/137949,replicated
kubernetes-1637,kubernetes,1637,anonymous_function,RACE,2015,pr,synthesized,pkg/kubelet/runonce.go,kubernetes/kubernetes,https://github.com/kubernetes/kubernetes/pull/1637,replicated
kubernetes-84487,kubernetes,84487,data_race,RACE,2019,pr,synthesized,pkg/registry/registrytest/node.go,kubernetes/kubernetes,https://github.com/kubernetes/kubernetes/pull/84487,in_place
kubernetes-86120,kubernetes,86120,data_race,RACE,2019,pr,synthesized,staging/src/k8s.io/apimachinery/pkg/watch/watch.go,kubernetes/kubernetes,https://github.com/kubernetes/kubernetes/pull/86120,in_place
kubernetes-88079,kubernetes,88079,data_race,RACE,2020,pr,synthesized,staging/src/k8s.io/client-go/util/connrotation/connrotation.go,kubernetes/kubernetes,https://github.com/kubernetes/kubernetes/pull/88079,in_place
kubernetes-90348,kubernetes,90348,anonymous_function,RACE,2020,pr,synthesized,staging/src/k8s.io/legacy-cloud-providers/vsphere/vsphere.go,kubernetes/kubernetes,https://github.com/kubernetes/kubernetes/pull/90348,replicated
kubernetes-90476,kubernetes,90476,data_race,RACE,2020,pr,synthesized,staging/src/k8s.io/apimachinery/pkg/util/wait/wait.go,kubernetes/kubernetes,https://github.com/kubernetes/kubernetes/pull/90476,replicated
kubernetes-90825,kubernetes,90825,special_library,ORDER,2020,pr,synthesized,staging/src/k8s.io/client-go/tools/cache/fifo.go,kubernetes/kubernetes,https://github.com/kubernetes/kubernetes/pull/90825,replicated
kubernetes-92139,kubernetes,92139,data_race,RACE,2020,pr,synthesized,staging/src/k8s.io/client-go/tools/clientcmd/merged_client_builder.go,kubernetes/kubernetes,https://github.com/kubernetes/kubernetes/pull/92139,replicated
kubernetes-93717,kubernetes,93717,data_race,RACE,2020,pr,synthesized,kubelet_getters.go,kubernetes/kubernetes,https://github.com/kubernetes/kubernetes/pull/93717,in_place
kubernetes-94751,kubernetes,94751,data_race,RACE,2020,pr,synthesized,pkg/kubelet/time_cache.go,kubernetes/kubernetes,https://github.com/kubernetes/kubernetes/pull/94751,replicated
kubernetes-95664,kubernetes,95664,order_violation,RACE,2021,pr,PR_bundled,staging/src/k8s.io/apimachinery/pkg/watch/mux.go,kubernetes/kubernetes,https://github.com/kubernetes/kubernetes/pull/95664,replicated
kubernetes-96777,kubernetes,96777,data_race,RACE,2020,pr,synthesized,pkg/scheduler/framework/plugins/volumebinding/volume_binding.go,kubernetes/kubernetes,https://github.com/kubernetes/kubernetes/pull/96777,replicated
kubernetes-96826,kubernetes,96826,data_race,RACE,2020,pr,synthesized,pkg/volume/plugins.go,kubernetes/kubernetes,https://github.com/kubernetes/kubernetes/pull/96826,replicated
kubernetes-97193,kubernetes,97193,data_race,RACE,2021,pr,synthesized,pkg/kubelet/pluginmanager/reconciler/reconciler.go,kubernetes/kubernetes,https://github.com/kubernetes/kubernetes/pull/97193,replicated
minio-15770,minio,15770,data_race,RACE,2022,pr,synthesized,internal/rest/rpc-stats.go,minio/minio,https://github.com/minio/minio/pull/15770,in_place
minio-21203,minio,21203,data_race,RACE,2025,pr,synthesized,internal/grid/connection.go,minio/minio,https://github.com/minio/minio/pull/21203,replicated
minio-544,minio,544,data_race,RACE,2015,pr,synthesized,pkg/storage/drivers/memory/memory.go,minio/minio,https://github.com/minio/minio/pull/544,replicated
minio-568,minio,568,data_race,RACE,2015,pr,synthesized,memory/intelligent.go,minio/minio,https://github.com/minio/minio/pull/568,replicated
minio-712,minio,712,data_race,RACE,2015,pr,synthesized,pkg/donut/disk/disk.go,minio/minio,https://github.com/minio/minio/pull/712,replicated
minio-994,minio,994,data_race,RACE,2015,pr,synthesized,contentdb/contentdb.go,minio/minio,https://github.com/minio/minio/pull/994,in_place
moby-21432,moby,21432,data_race,RACE,2016,pr,synthesized,volume/store/store.go:271,moby/moby,https://github.com/moby/moby/pull/21432,replicated
moby-21620,moby,21620,data_race,RACE,2016,pr,synthesized,libcontainerd/client.go:22,moby/moby,https://github.com/moby/moby/pull/21620,in_place
moby-21624,moby,21624,data_race,RACE,2016,pr,synthesized,volume/store/store.go:271,moby/moby,https://github.com/moby/moby/pull/21624,in_place
moby-21677,moby,21677,data_race,RACE,2016,pr,synthesized,layer/ro_layer.go,moby/moby,https://github.com/moby/moby/pull/21677,in_place
moby-22279,moby,22279,data_race,RACE,2016,pr,synthesized,container/state.go:131,moby/moby,https://github.com/moby/moby/pull/22279,in_place
moby-22966,moby,22966,data_race,RACE,2016,pr,synthesized,pkg/discovery/memory/memory.go,moby/moby,https://github.com/moby/moby/pull/22966,in_place
moby-26695,moby,26695,data_race,RACE,2016,pr,synthesized,libcontainerd/pausemonitor_linux.go,moby/moby,https://github.com/moby/moby/pull/26695,in_place
moby-28290,moby,28290,data_race,RACE,2016,pr,synthesized,volume/store/store.go,moby/moby,https://github.com/moby/moby/pull/28290,in_place
moby-29893,moby,29893,data_race,RACE,2017,pr,synthesized,pkg/plugins/plugins.go,moby/moby,https://github.com/moby/moby/pull/29893,in_place
moby-30719,moby,30719,data_race,RACE,2017,pr,synthesized,daemon/graphdriver/counter.go,moby/moby,https://github.com/moby/moby/pull/30719,in_place
moby-33305,moby,33305,data_race,RACE,2017,pr,synthesized,daemon/logger/loggerutils/rotatefilewriter.go,moby/moby,https://github.com/moby/moby/pull/33305,in_place
moby-39445,moby,39445,data_race,RACE,2019,pr,synthesized,pkg/ioutils/bytespipe.go,moby/moby,https://github.com/moby/moby/pull/39445,in_place
moby-39644,moby,39644,data_race,RACE,2019,pr,synthesized,daemon/graphdriver/quota/projectquota.go,moby/moby,https://github.com/moby/moby/pull/39644,replicated
moby-39645,moby,39645,data_race,RACE,2019,pr,synthesized,container/health.go,moby/moby,https://github.com/moby/moby/pull/39645,in_place
moby-42320,moby,42320,order_violation,RACE,2021,pr,synthesized,daemon/logger/ring.go,moby/moby,https://github.com/moby/moby/pull/42320,in_place
moby-47961,moby,47961,data_race,RACE,2024,pr,synthesized,client/client.go,moby/moby,https://github.com/moby/moby/pull/47961,in_place
moby-49649,moby,49649,data_race,RACE,2025,pr,synthesized,cmd/docker-proxy/udp_proxy_linux.go,moby/moby,https://github.com/moby/moby/pull/49649,replicated
moby-49985,moby,49985,data_race,RACE,2025,pr,synthesized,libnetwork/networkdb/cluster.go,moby/moby,https://github.com/moby/moby/pull/49985,in_place
moby-50448,moby,50448,data_race,RACE,2025,pr,synthesized,client/client.go,moby/moby,https://github.com/moby/moby/pull/50448,replicated
moby-CVE-2024-36623,moby,CVE-2024-36623,data_race,RACE,2024,cve,synthesized,pkg/streamformatter/streamformatter.go,moby/moby,https://github.com/advisories/GHSA-gh5c-3h97-2f3q,replicated
nats-server-1178,nats-server,1178,data_race,RACE,2019,pr,synthesized,server/events.go,nats-io/nats-server,https://github.com/nats-io/nats-server/pull/1178,in_place
nats-server-140,nats-server,140,data_race,RACE,2020,pr,synthesized,server/client.go,nats-io/nats-server,https://github.com/nats-io/nats-server/pull/140,in_place
nats-server-3353,nats-server,3353,data_race,RACE,2022,pr,synthesized,server/filestore.go,nats-io/nats-server,https://github.com/nats-io/nats-server/pull/3353,in_place
nats-server-4068,nats-server,4068,data_race,RACE,2023,pr,synthesized,server/accounts.go,nats-io/nats-server,https://github.com/nats-io/nats-server/pull/4068,in_place
nats-server-5146,nats-server,5146,data_race,RACE,2024,pr,synthesized,server/consumer.go,nats-io/nats-server,https://github.com/nats-io/nats-server/pull/5146,in_place
nats-server-5182,nats-server,5182,data_race,RACE,2024,pr,synthesized,server/jetstream_cluster.go,nats-io/nats-server,https://github.com/nats-io/nats-server/pull/5182,in_place
nats-server-540,nats-server,540,data_race,RACE,2024,pr,synthesized,server/monitor.go,nats-io/nats-server,https://github.com/nats-io/nats-server/pull/540,in_place
nats-server-6356,nats-server,6356,data_race,RACE,2025,pr,synthesized,server/jetstream_api.go,nats-io/nats-server,https://github.com/nats-io/nats-server/pull/6356,in_place
nats-server-6620,nats-server,6620,data_race,RACE,2025,pr,synthesized,server/server.go,nats-io/nats-server,https://github.com/nats-io/nats-server/pull/6620,in_place
nats-server-6983,nats-server,6983,data_race,RACE,2025,pr,synthesized,server/stream.go,nats-io/nats-server,https://github.com/nats-io/nats-server/pull/6983,in_place
nats-server-7201,nats-server,7201,data_race,RACE,2025,pr,synthesized,server/jetstream_api.go,nats-io/nats-server,https://github.com/nats-io/nats-server/pull/7201,replicated
nats-server-7395,nats-server,7395,data_race,RACE,2025,pr,synthesized,server/stream.go,nats-io/nats-server,https://github.com/nats-io/nats-server/pull/7395,in_place
nomad-14119,nomad,14119,data_race,RACE,2022,pr,synthesized,client/heartbeatstop.go,hashicorp/nomad,https://github.com/hashicorp/nomad/pull/14119,in_place
nomad-14120,nomad,14120,data_race,RACE,2022,pr,PR_bundled,nomad/config.go,hashicorp/nomad,https://github.com/hashicorp/nomad/pull/14120,in_place
nomad-14121,nomad,14121,data_race,RACE,2022,pr,synthesized,nomad/deploymentwatcher/deployment_watcher.go,hashicorp/nomad,https://github.com/hashicorp/nomad/pull/14121,in_place
nomad-14142,nomad,14142,data_race,RACE,2022,pr,synthesized,nomad/blocked_evals.go,hashicorp/nomad,https://github.com/hashicorp/nomad/pull/14142,in_place
nomad-14188,nomad,14188,data_race,RACE,2022,pr,synthesized,stream/event_broker.go,hashicorp/nomad,https://github.com/hashicorp/nomad/pull/14188,in_place
nomad-14538,nomad,14538,data_race,RACE,2022,pr,synthesized,client/logmon/logging/rotator.go,hashicorp/nomad,https://github.com/hashicorp/nomad/pull/14538,in_place
nomad-3461,nomad,3461,data_race,RACE,2017,pr,synthesized,client/client.go,hashicorp/nomad,https://github.com/hashicorp/nomad/pull/3461,replicated
nomad-CVE-2022-24686,nomad,CVE-2022-24686,data_race,RACE,2022,cve,synthesized,client/allocrunner/taskrunner/getter/getter.go,hashicorp/nomad,https://github.com/advisories/GHSA-gwmc-6795-qghj,replicated
olivetin-688,olivetin,688,data_race,RACE,2025,pr,synthesized,service/internal/entities/storage.go,OliveTin/OliveTin,https://github.com/OliveTin/OliveTin/pull/688,in_place
olivetin-910,olivetin,910,data_race,RACE,2026,pr,synthesized,service/internal/auth/otoauth2/restapi_auth_oauth2.go,OliveTin/OliveTin,https://github.com/OliveTin/OliveTin/pull/910,in_place
olivetin-CVE-2026-28789,olivetin,CVE-2026-28789,data_race,RACE,2026,cve,synthesized,service/internal/auth/otoauth2/restapi_auth_oauth2.go,OliveTin/OliveTin,https://github.com/advisories/GHSA-45m3-398w-m2m9,replicated
pq-1000,pq,1000,data_race,RACE,2020,pr,synthesized,conn.go,lib/pq,https://github.com/lib/pq/pull/1000,in_place
prometheus-11296,prometheus,11296,data_race,RACE,2022,pr,synthesized,tsdb/chunkenc/bstream.go,prometheus/prometheus,https://github.com/prometheus/prometheus/pull/11296,in_place
prometheus-18127,prometheus,18127,data_race,RACE,2026,pr,synthesized,scrape/scrape.go,prometheus/prometheus,https://github.com/prometheus/prometheus/pull/18127,in_place
prometheus-1925,prometheus,1925,data_race,RACE,2016,pr,synthesized,promql/lex.go,prometheus/prometheus,https://github.com/prometheus/prometheus/pull/1925,replicated
prometheus-3738,prometheus,3738,order_violation,RACE,2018,pr,synthesized,discovery/file/file.go,prometheus/prometheus,https://github.com/prometheus/prometheus/pull/3738,replicated
prometheus-4066,prometheus,4066,data_race,RACE,2018,pr,synthesized,scrape/target.go,prometheus/prometheus,https://github.com/prometheus/prometheus/pull/4066,in_place
prometheus-4096,prometheus,4096,data_race,RACE,2018,pr,synthesized,scrape/scrape.go,prometheus/prometheus,https://github.com/prometheus/prometheus/pull/4096,in_place
prometheus-885,prometheus,885,data_race,RACE,2021,pr,synthesized,retrieval/target.go,prometheus/prometheus,https://github.com/prometheus/prometheus/pull/885,replicated
rclone-140,rclone,140,data_race,RACE,2015,pr,synthesized,pacer/pacer.go,rclone/rclone,https://github.com/rclone/rclone/pull/140,replicated
serving-3068,serving,3068,channel_misuse,RACE|PANIC,2019,pr,synthesized,pkg/pool/pool.go,knative/serving,https://github.com/knative/serving/pull/3068,replicated
serving-3357,serving,3357,data_race,RACE,2019,pr,synthesized,pkg/reconciler/reconciler.go,knative/serving,https://github.com/knative/serving/pull/3357,replicated
serving-4973,serving,4973,data_race,RACE,2019,pr,synthesized,pkg/activator/handler/concurrency_reporter.go,knative/serving,https://github.com/knative/serving/pull/4973,replicated
serving-5865,serving,5865,data_race,RACE,2019,pr,synthesized,pkg/activator/net/revision_backends.go,knative/serving,https://github.com/knative/serving/pull/5865,replicated
serving-9297,serving,9297,data_race,RACE,2020,pr,PR_bundled,pkg/autoscaler/statforwarder/forwarder.go,knative/serving,https://github.com/knative/serving/pull/9297,replicated
swarmkit-1046,swarmkit,1046,data_race,RACE,2016,pr,synthesized,agent/node.go,moby/swarmkit,https://github.com/moby/swarmkit/pull/1046,in_place
syncthing-10430,syncthing,10430,data_race,RACE,2025,pr,synthesized,lib/fs/casefs.go,syncthing/syncthing,https://github.com/syncthing/syncthing/pull/10430,replicated
syncthing-4526,syncthing,4526,anonymous_function,RACE,2017,pr,synthesized,lib/connections/service.go,syncthing/syncthing,https://github.com/syncthing/syncthing/pull/4526,replicated
syncthing-6477,syncthing,6477,data_race,RACE,2020,pr,synthesized,lib/util/utils.go,syncthing/syncthing,https://github.com/syncthing/syncthing/pull/6477,in_place
syncthing-8042,syncthing,8042,data_race,RACE,2021,pr,synthesized,cmd/strelaysrv/main.go,syncthing/syncthing,https://github.com/syncthing/syncthing/pull/8042,replicated
syncthing-8321,syncthing,8321,anonymous_function,RACE,2022,pr,synthesized,lib/connections/service.go,syncthing/syncthing,https://github.com/syncthing/syncthing/pull/8321,replicated
syncthing-9235,syncthing,9235,data_race,RACE,2023,pr,synthesized,lib/model/model.go,syncthing/syncthing,https://github.com/syncthing/syncthing/pull/9235,replicated
teleport-65910,teleport,65910,data_race,RACE,2026,pr,synthesized,lib/srv/app/gcp/handler.go,gravitational/teleport,https://github.com/gravitational/teleport/pull/65910,in_place
thanos-1340,thanos,1340,data_race,RACE,2019,pr,synthesized,pkg/pool/pool.go,thanos-io/thanos,https://github.com/thanos-io/thanos/pull/1340,in_place
thanos-2354,thanos,2354,data_race,RACE,2020,pr,synthesized,pkg/block/fetcher.go,thanos-io/thanos,https://github.com/thanos-io/thanos/pull/2354,replicated
thanos-5503,thanos,5503,data_race,RACE,2022,pr,synthesized,pkg/compact/compact.go,thanos-io/thanos,https://github.com/thanos-io/thanos/pull/5503,in_place
thanos-5972,thanos,5972,data_race,RACE,2022,pr,synthesized,pkg/query/endpointset.go,thanos-io/thanos,https://github.com/thanos-io/thanos/pull/5972,in_place
thanos-6575,thanos,6575,data_race,RACE,2023,pr,synthesized,pkg/store/bucket.go,thanos-io/thanos,https://github.com/thanos-io/thanos/pull/6575,replicated
tidb-38281,tidb,38281,data_race,RACE,2022,pr,synthesized,expression/collation.go,pingcap/tidb,https://github.com/pingcap/tidb/pull/38281,in_place
tidb-38374,tidb,38374,data_race,RACE,2022,pr,synthesized,domain/domain_sysvars.go,pingcap/tidb,https://github.com/pingcap/tidb/pull/38374,in_place
tidb-40277,tidb,40277,data_race,RACE,2023,pr,synthesized,expression/builtin_cast.go,pingcap/tidb,https://github.com/pingcap/tidb/pull/40277,in_place
tidb-62900,tidb,62900,data_race,RACE,2025,pr,synthesized,pkg/ddl/executor.go,pingcap/tidb,https://github.com/pingcap/tidb/pull/62900,in_place
traefik-2287,traefik,2287,anonymous_function,RACE,2017,pr,synthesized,healthcheck/healthcheck.go,traefik/traefik,https://github.com/traefik/traefik/pull/2287,in_place
victoriametrics-10860,victoriametrics,10860,order_violation,RACE,2026,pr,synthesized,app/vmauth/auth_config.go,VictoriaMetrics/VictoriaMetrics,https://github.com/VictoriaMetrics/VictoriaMetrics/pull/10860,replicated
victoriametrics-8258,victoriametrics,8258,data_race,RACE,2025,pr,synthesized,app/vmalert/notifier/alertmanager.go,VictoriaMetrics/VictoriaMetrics,https://github.com/VictoriaMetrics/VictoriaMetrics/pull/8258,in_place
etcd-21375,etcd,21375,data_race,PANIC,2025,pr,handcrafted,server/etcdserver/v3_server.go,etcd-io/etcd,https://github.com/etcd-io/etcd/pull/21375,replicated
kubernetes-115282,kubernetes,115282,data_race,RACE,2023,pr,handcrafted,staging/src/k8s.io/apiserver/pkg/server/config.go,kubernetes/kubernetes,https://github.com/kubernetes/kubernetes/pull/115282,replicated
kubernetes-94537,kubernetes,94537,data_race,PANIC,2020,pr,handcrafted,staging/src/k8s.io/legacy-cloud-providers/azure/cache/azure_cache.go,kubernetes/kubernetes,https://github.com/kubernetes/kubernetes/pull/94537,in_place
kubernetes-98653,kubernetes,98653,data_race,PANIC,2021,pr,handcrafted,staging/src/k8s.io/apimachinery/pkg/watch/streamwatcher.go,kubernetes/kubernetes,https://github.com/kubernetes/kubernetes/pull/98653,in_place
kubernetes-98956,kubernetes,98956,data_race,RACE,2021,pr,handcrafted,pkg/kubelet/kubelet_pods.go,kubernetes/kubernetes,https://github.com/kubernetes/kubernetes/pull/98956,in_place
serving-10729,serving,10729,data_race,PANIC,2021,pr,handcrafted,pkg/activator/handler/concurrency_reporter.go,knative/serving,https://github.com/knative/serving/pull/10729,in_place
